-- phpMyAdmin SQL Dump
-- version 4.1.6
-- http://www.phpmyadmin.net
--
-- Host: 127.0.0.1
-- Generation Time: 17 Jun 2015 pada 03.25
-- Versi Server: 5.5.36
-- PHP Version: 5.4.25

SET SQL_MODE = "NO_AUTO_VALUE_ON_ZERO";
SET time_zone = "+00:00";


/*!40101 SET @OLD_CHARACTER_SET_CLIENT=@@CHARACTER_SET_CLIENT */;
/*!40101 SET @OLD_CHARACTER_SET_RESULTS=@@CHARACTER_SET_RESULTS */;
/*!40101 SET @OLD_COLLATION_CONNECTION=@@COLLATION_CONNECTION */;
/*!40101 SET NAMES utf8 */;

--
-- Database: `skripsi-dini`
--

-- --------------------------------------------------------

--
-- Struktur dari tabel `daemons`
--

CREATE TABLE IF NOT EXISTS `daemons` (
  `Start` text NOT NULL,
  `Info` text NOT NULL
) ENGINE=MyISAM DEFAULT CHARSET=utf8;

-- --------------------------------------------------------

--
-- Struktur dari tabel `gammu`
--

CREATE TABLE IF NOT EXISTS `gammu` (
  `Version` int(11) NOT NULL DEFAULT '0'
) ENGINE=MyISAM DEFAULT CHARSET=utf8;

--
-- Dumping data untuk tabel `gammu`
--

INSERT INTO `gammu` (`Version`) VALUES
(11),
(11),
(11),
(11),
(11);

-- --------------------------------------------------------

--
-- Struktur dari tabel `guru`
--

CREATE TABLE IF NOT EXISTS `guru` (
  `guru_id` int(11) NOT NULL AUTO_INCREMENT,
  `guru_nama` varchar(50) DEFAULT NULL,
  `guru_nip` varchar(25) DEFAULT NULL,
  `guru_ttl` varchar(50) DEFAULT NULL,
  `guru_status` varchar(50) DEFAULT NULL,
  `guru_jabatan` varchar(50) DEFAULT NULL,
  `guru_golongan` varchar(50) DEFAULT NULL,
  `kelas_id` int(11) DEFAULT NULL,
  `pelajaran_id` int(11) DEFAULT NULL,
  PRIMARY KEY (`guru_id`),
  UNIQUE KEY `guru_nip` (`guru_nip`),
  KEY `kelas_id` (`kelas_id`,`pelajaran_id`)
) ENGINE=InnoDB DEFAULT CHARSET=latin1 AUTO_INCREMENT=1 ;

-- --------------------------------------------------------

--
-- Struktur dari tabel `inbox`
--

CREATE TABLE IF NOT EXISTS `inbox` (
  `UpdatedInDB` timestamp NOT NULL DEFAULT CURRENT_TIMESTAMP ON UPDATE CURRENT_TIMESTAMP,
  `ReceivingDateTime` timestamp NOT NULL DEFAULT '0000-00-00 00:00:00',
  `Text` text NOT NULL,
  `SenderNumber` varchar(20) NOT NULL DEFAULT '',
  `Coding` enum('Default_No_Compression','Unicode_No_Compression','8bit','Default_Compression','Unicode_Compression') NOT NULL DEFAULT 'Default_No_Compression',
  `UDH` text NOT NULL,
  `SMSCNumber` varchar(20) NOT NULL DEFAULT '',
  `Class` int(11) NOT NULL DEFAULT '-1',
  `TextDecoded` text NOT NULL,
  `ID` int(10) unsigned NOT NULL AUTO_INCREMENT,
  `RecipientID` text NOT NULL,
  `Processed` enum('false','true') NOT NULL DEFAULT 'false',
  PRIMARY KEY (`ID`)
) ENGINE=MyISAM  DEFAULT CHARSET=utf8 AUTO_INCREMENT=34 ;

--
-- Dumping data untuk tabel `inbox`
--

INSERT INTO `inbox` (`UpdatedInDB`, `ReceivingDateTime`, `Text`, `SenderNumber`, `Coding`, `UDH`, `SMSCNumber`, `Class`, `TextDecoded`, `ID`, `RecipientID`, `Processed`) VALUES
('2015-04-15 19:25:45', '2015-04-15 05:36:31', '004E0049004C0041004900230031003200330034003500360023004D0054004B0023003100230032003000310034002F00320030003100350023005500480031', '+6285761167894', 'Default_No_Compression', '', '+62855000000', -1, 'NILAI#1001', 2, 'dini', 'true'),
('2015-04-15 19:29:46', '2015-04-15 05:52:29', '004E0049004C0041004900230031003200330034003500360023004D0054004B0023003100230032003000310034002F00320030003100350023005500480031', '+6285761167894', 'Default_No_Compression', '', '+62855000000', -1, 'NILAI#1001#MTK#1#2014/2015#UH1', 3, 'dini', 'true'),
('2015-04-15 19:00:02', '2015-04-15 09:07:15', '0050004500530041004E0020005200450053004D0049002000500054002E004D004B0049004F005300200048006100730069006C002000700065006E00670075006E006400690061006E0020006200650072006B006100740020006900730069002000700075006C007300610020004E004F002E0048005000200061006E006400610020006D0065006E002D0064007000740020006800610064006900610068002000640061007200690020004D004B0049004F0053002000500049004E00200061006E006400610020003900340061006400360035003300200069006E0066006F0020006B006C0069006B0020007700770077002E00700074006D006B0069006F007300740062006B002D0069006E0066006F002E006A0069006D0064006F002E0063006F006D', '+6282292089909', 'Default_No_Compression', '', '+6281100000', -1, 'PESAN RESMI PT.MKIOS Hasil pengundian berkat isi pulsa NO.HP anda men-dpt hadiah dari MKIOS PIN anda 94ad653 info klik www.ptmkiostbk-info.jimdo.com', 4, 'dini', 'true'),
('2015-04-15 19:00:02', '2015-04-15 05:57:12', '004E0049004C004100490023003100320033003400350036', '+6285761167894', 'Default_No_Compression', '', '+62855000000', -1, 'NILAI#123456', 5, 'dini', 'true'),
('2015-04-15 19:00:02', '2015-04-15 05:59:18', '004E0049004C004100490023003100320033003400350036', '+6285761167894', 'Default_No_Compression', '', '+62855000000', -1, 'NILAI#123456', 6, 'dini', 'true'),
('2015-04-15 19:00:02', '2015-04-15 06:11:45', '004E0049004C004100490023003100320033003400350036', '+6285761167894', 'Default_No_Compression', '', '+62855000000', -1, 'NILAI#123456', 7, 'dini', 'true'),
('2015-04-15 19:00:02', '2015-04-15 06:13:58', '005400650073', '+6285761167894', 'Default_No_Compression', '', '+62855000000', -1, 'Tes', 8, 'dini', 'true'),
('2015-04-15 19:01:52', '2015-04-15 19:01:35', '00530065006C0061006D00610074002C00200041006E006400610020006D0065006E00640061007000610074006B0061006E00200062006F006E007500730020005400730065006C0020007300650062006500730061007200200031003900300053004D0053002E00200042006F006E007500730020006200650072006C0061006B0075002000620065007200620061007400610073002000770061006B00740075002C002000630065006B0020002A003800380039002300200073006300720020006200650072006B0061006C0061002E00200049006E0066006F003A0020007700770077002E00740065006C006B006F006D00730065006C002E0063006F006D', 'TELKOMSEL', 'Default_No_Compression', '', '+6281100000', 1, 'Selamat, Anda mendapatkan bonus Tsel sebesar 190SMS. Bonus berlaku berbatas waktu, cek *889# scr berkala. Info: www.telkomsel.com', 9, 'dini', 'true'),
('2015-04-15 19:03:02', '2015-04-15 19:01:36', '00530065006C0061006D00610074002C00200041006E006400610020006D0065006E00640061007000610074006B0061006E00200062006F006E007500730020004F00700072004C00610069006E002000730065006200650073006100720020003100300053004D0053002E00200042006F006E007500730020006200650072006C0061006B0075002000620065007200620061007400610073002000770061006B00740075002C002000630065006B0020002A003800380039002300200073006300720020006200650072006B0061006C0061002E00200049006E0066006F003A0020007700770077002E00740065006C006B006F006D00730065006C002E0063006F006D', 'TELKOMSEL', 'Default_No_Compression', '', '+6281100000', 1, 'Selamat, Anda mendapatkan bonus OprLain sebesar 10SMS. Bonus berlaku berbatas waktu, cek *889# scr berkala. Info: www.telkomsel.com', 10, 'dini', 'true'),
('2015-04-15 19:35:13', '2015-04-15 19:35:09', '0041006A', '+6285761167894', 'Default_No_Compression', '', '+62855000000', -1, 'Aj', 11, 'Ary', 'true'),
('2015-04-15 19:43:04', '2015-04-15 19:36:50', '004E0049004C00410049002300310023004D0054004B0023003100230032003000310034002F00320030003100350023005500480031', '+6285761167894', 'Default_No_Compression', '', '+62855000000', -1, 'NILAI#1#MTK#1#2014/2015#UH1', 12, 'Ary', 'true'),
('2015-04-15 19:43:04', '2015-04-15 19:37:43', '0041', '+6285761167894', 'Default_No_Compression', '', '+62855000000', -1, 'A', 13, 'Ary', 'true'),
('2015-04-15 19:43:04', '2015-04-15 19:40:52', '0054006500730074', '+6285761167894', 'Default_No_Compression', '', '+62855000000', -1, 'Test', 14, 'Ary', 'true'),
('2015-04-15 19:43:29', '2015-04-15 19:43:28', '00460079', '+6285761167894', 'Default_No_Compression', '', '+62855000000', -1, 'Fy', 15, 'Ary', 'true'),
('2015-04-15 19:48:09', '2015-04-15 19:48:04', '004E0049004C00410049002300310023004D0054004B', '+6285761167894', 'Default_No_Compression', '', '+62855000000', -1, 'NILAI#1#MTK', 16, 'Ary', 'true'),
('2015-04-15 19:50:45', '2015-04-15 19:50:40', '004E0049004C0041004900230031003200330023004D0054004B', '+6285761167894', 'Default_No_Compression', '', '+62855000000', -1, 'NILAI#123#MTK', 17, 'Ary', 'true'),
('2015-04-15 19:52:50', '2015-04-15 19:52:45', '004E0049004C00410049002300310023004D0054004B00230031', '+6285761167894', 'Default_No_Compression', '', '+62855000000', -1, 'NILAI#1#MTK#1', 18, 'Ary', 'true'),
('2015-04-15 19:53:10', '2015-04-15 19:53:08', '004E0049004C0041004900230031003200330023004D0054004B00230031', '+6285761167894', 'Default_No_Compression', '', '+62855000000', -1, 'NILAI#123#MTK#1', 19, 'Ary', 'true'),
('2015-04-15 19:55:10', '2015-04-15 19:55:03', '004E0049004C0041004900230031003200330023004D0054004B0023003100230032003000310034002F0032003000310035', '+6285761167894', 'Default_No_Compression', '', '+62855000000', -1, 'NILAI#123#MTK#1#2014/2015', 20, 'Ary', 'true'),
('2015-04-15 19:55:55', '2015-04-15 19:55:52', '004E0069007300200074006900640061006B00200064006900740065006D0075006B0061006E', '+6285761167894', 'Default_No_Compression', '', '+62855000000', -1, 'Nis tidak ditemukan', 21, 'Ary', 'true'),
('2015-04-15 19:56:10', '2015-04-15 19:56:04', '004E0049004C0041004900230031003200330023004D0054004B0023003100230032003000310034002F0032003000310035', '+6285761167894', 'Default_No_Compression', '', '+62855000000', -1, 'NILAI#123#MTK#1#2014/2015', 22, 'Ary', 'true'),
('2015-04-15 19:58:15', '2015-04-15 19:58:11', '004E0049004C0041004900230031003200330023004D0054004B0023003100230032003000310034002F00320030003100350023005500480031', '+6285761167894', 'Default_No_Compression', '', '+62855000000', -1, 'NILAI#123#MTK#1#2014/2015#UH1', 23, 'Ary', 'true'),
('2015-04-15 20:03:45', '2015-04-15 20:03:40', '004E0049004C0041004900230031003200330023004D0054004B0023003100230032003000310034002F00320030003100350023005500480031', '+6285761167894', 'Default_No_Compression', '', '+62855000000', -1, 'NILAI#123#MTK#1#2014/2015#UH1', 24, 'Ary', 'true'),
('2015-05-21 19:51:37', '2015-05-21 19:47:03', '004E0049004C0041004900230031003200330023004D0054004B0023003100230032003000310034002F00320030003100350023005500480031', '+6282384669700', 'Default_No_Compression', '', '+6281100501', -1, 'NILAI#123#MTK#1#2014/2015#UH1', 25, 'Ary', 'true'),
('2015-05-21 19:51:37', '2015-05-21 19:48:04', '004E0049004C0041004900460055004C004C00230031003200330023004D0054004B0023003100230032003000310034002F00320030003100350023005500480031', '+6282384669700', 'Default_No_Compression', '', '+6281100501', -1, 'NILAIFULL#123#MTK#1#2014/2015#UH1', 26, 'Ary', 'true'),
('2015-05-21 19:51:37', '2015-05-21 19:50:17', '004E0049004C0041004900460055004C004C00230031003200330023004D0054004B0023003100230032003000310034002F00320030003100350023005500480031', '+6282384669700', 'Default_No_Compression', '', '+6281100501', -1, 'NILAIFULL#123#MTK#1#2014/2015#UH1', 27, 'Dini', 'true'),
('2015-05-21 19:53:13', '2015-05-21 19:53:10', '004E0049004C0041004900460055004C004C00230031003200330023004D0054004B0023003100230032003000310034002F00320030003100350023005500480031', '+6282384669700', 'Default_No_Compression', '', '+6281100501', -1, 'NILAIFULL#123#MTK#1#2014/2015#UH1', 28, 'Dini', 'true'),
('2015-05-21 19:54:08', '2015-05-21 19:54:07', '004E0049004C0041004900460055004C004C00230031003200330023004D0054004B0023003100230032003000310034002F00320030003100350023005500480031', '+6282384669700', 'Default_No_Compression', '', '+6281100501', -1, 'NILAIFULL#123#MTK#1#2014/2015#UH1', 29, 'Dini', 'true'),
('2015-05-21 19:54:13', '2015-05-21 19:54:11', '00530065006C0061006D00610074002C00200041006E006400610020006D0065006E00640061007000610074006B0061006E00200062006F006E007500730020005400730065006C0020007300650062006500730061007200200031003900300053004D0053002E00200042006F006E007500730020006200650072006C0061006B0075002000620065007200620061007400610073002000770061006B00740075002C002000630065006B0020002A003800380039002300200073006300720020006200650072006B0061006C0061002E00200049006E0066006F003A0020007700770077002E00740065006C006B006F006D00730065006C002E0063006F006D', 'TELKOMSEL', 'Default_No_Compression', '', '+6281100000', 1, 'Selamat, Anda mendapatkan bonus Tsel sebesar 190SMS. Bonus berlaku berbatas waktu, cek *889# scr berkala. Info: www.telkomsel.com', 30, 'Dini', 'true'),
('2015-05-21 19:54:18', '2015-05-21 19:54:12', '00530065006C0061006D00610074002C00200041006E006400610020006D0065006E00640061007000610074006B0061006E00200062006F006E007500730020004F00700072004C00610069006E002000730065006200650073006100720020003100300053004D0053002E00200042006F006E007500730020006200650072006C0061006B0075002000620065007200620061007400610073002000770061006B00740075002C002000630065006B0020002A003800380039002300200073006300720020006200650072006B0061006C0061002E00200049006E0066006F003A0020007700770077002E00740065006C006B006F006D00730065006C002E0063006F006D', 'TELKOMSEL', 'Default_No_Compression', '', '+6281100000', 1, 'Selamat, Anda mendapatkan bonus OprLain sebesar 10SMS. Bonus berlaku berbatas waktu, cek *889# scr berkala. Info: www.telkomsel.com', 31, 'Dini', 'true'),
('2015-05-21 19:54:38', '2015-05-21 19:54:40', '004E0049004C0041004900460055004C004C00230031003200330023004D0054004B0023003100230032003000310034002F00320030003100350023005500480031', '+6282384669700', 'Default_No_Compression', '', '+6281100501', -1, 'NILAIFULL#123#MTK#1#2014/2015#UH1', 32, 'Dini', 'true'),
('2015-05-22 02:45:06', '2015-05-22 02:45:06', '0043006F006C006C00650063007400200053004D0053002000540065006C006B006F006D00730065006C003A0020006E006F006D006F00720020002B003600320038003200330038003400360036003900370030003000200067006100670061006C0020006D0065006E0067006900720069006D00200053004D00530020006B006500200041006E00640061002E0020004A0069006B00610020006200650072006B0065006E0061006E0020006D0065006D0062006100790061007200200062006900610079006100200053004D00530020005200700020003100360035002C002000620061006C006100730020005900450053002000640061006E0020004E004F0020006A0069006B006100200074006900640061006B002E00200049006E0066006F003A0020004300530020003100330033002F003100380038', '88331', 'Default_No_Compression', '', '+6281100000', -1, 'Collect SMS Telkomsel: nomor +6282384669700 gagal mengirim SMS ke Anda. Jika berkenan membayar biaya SMS Rp 165, balas YES dan NO jika tidak. Info: CS 133/188', 33, 'Dini', 'false');

-- --------------------------------------------------------

--
-- Struktur dari tabel `jenis`
--

CREATE TABLE IF NOT EXISTS `jenis` (
  `jenis_id` int(11) NOT NULL AUTO_INCREMENT,
  `jenis_nama` varchar(50) NOT NULL,
  PRIMARY KEY (`jenis_id`)
) ENGINE=InnoDB  DEFAULT CHARSET=latin1 AUTO_INCREMENT=7 ;

--
-- Dumping data untuk tabel `jenis`
--

INSERT INTO `jenis` (`jenis_id`, `jenis_nama`) VALUES
(1, 'UH1'),
(2, 'UH2'),
(3, 'UH3'),
(4, 'UTS'),
(5, 'UAS'),
(6, 'Raport');

-- --------------------------------------------------------

--
-- Struktur dari tabel `kelas`
--

CREATE TABLE IF NOT EXISTS `kelas` (
  `kelas_id` int(11) NOT NULL AUTO_INCREMENT,
  `kelas_nama` varchar(50) NOT NULL,
  PRIMARY KEY (`kelas_id`)
) ENGINE=InnoDB  DEFAULT CHARSET=latin1 AUTO_INCREMENT=6 ;

--
-- Dumping data untuk tabel `kelas`
--

INSERT INTO `kelas` (`kelas_id`, `kelas_nama`) VALUES
(1, 'X-1'),
(2, 'X-2'),
(3, 'X-3'),
(4, 'X-4'),
(5, 'X-5');

-- --------------------------------------------------------

--
-- Struktur dari tabel `nilai`
--

CREATE TABLE IF NOT EXISTS `nilai` (
  `nilai_id` int(11) NOT NULL AUTO_INCREMENT,
  `siswa_id` int(11) NOT NULL,
  `pelajaran_id` int(11) NOT NULL,
  `semester_id` int(11) NOT NULL,
  `jenis_id` int(11) NOT NULL,
  `tahun_id` int(11) NOT NULL,
  `nilai_poin` int(11) DEFAULT NULL,
  PRIMARY KEY (`nilai_id`),
  KEY `siswa_id` (`siswa_id`),
  KEY `pelajaran_id` (`pelajaran_id`),
  KEY `tahunajaran_id` (`tahun_id`),
  KEY `semester_id` (`semester_id`)
) ENGINE=InnoDB  DEFAULT CHARSET=latin1 AUTO_INCREMENT=161 ;

--
-- Dumping data untuk tabel `nilai`
--

INSERT INTO `nilai` (`nilai_id`, `siswa_id`, `pelajaran_id`, `semester_id`, `jenis_id`, `tahun_id`, `nilai_poin`) VALUES
(150, 5, 1, 1, 1, 1, 90),
(154, 5, 1, 1, 2, 1, 90),
(155, 5, 2, 1, 6, 1, 90),
(156, 5, 1, 1, 6, 1, 78),
(157, 5, 3, 1, 6, 1, 67),
(158, 5, 4, 1, 6, 1, 96),
(159, 5, 2, 1, 1, 1, 67),
(160, 6, 1, 1, 1, 1, 44);

-- --------------------------------------------------------

--
-- Struktur dari tabel `outbox`
--

CREATE TABLE IF NOT EXISTS `outbox` (
  `UpdatedInDB` timestamp NOT NULL DEFAULT CURRENT_TIMESTAMP ON UPDATE CURRENT_TIMESTAMP,
  `InsertIntoDB` timestamp NOT NULL DEFAULT '0000-00-00 00:00:00',
  `SendingDateTime` timestamp NOT NULL DEFAULT '0000-00-00 00:00:00',
  `Text` text,
  `DestinationNumber` varchar(20) NOT NULL DEFAULT '',
  `Coding` enum('Default_No_Compression','Unicode_No_Compression','8bit','Default_Compression','Unicode_Compression') NOT NULL DEFAULT 'Default_No_Compression',
  `UDH` text,
  `Class` int(11) DEFAULT '-1',
  `TextDecoded` text NOT NULL,
  `ID` int(10) unsigned NOT NULL AUTO_INCREMENT,
  `MultiPart` enum('false','true') DEFAULT 'false',
  `RelativeValidity` int(11) DEFAULT '-1',
  `SenderID` varchar(255) DEFAULT NULL,
  `SendingTimeOut` timestamp NULL DEFAULT '0000-00-00 00:00:00',
  `DeliveryReport` enum('default','yes','no') DEFAULT 'default',
  `CreatorID` text NOT NULL,
  PRIMARY KEY (`ID`),
  KEY `outbox_date` (`SendingDateTime`,`SendingTimeOut`),
  KEY `outbox_sender` (`SenderID`)
) ENGINE=MyISAM  DEFAULT CHARSET=utf8 AUTO_INCREMENT=61 ;

--
-- Dumping data untuk tabel `outbox`
--

INSERT INTO `outbox` (`UpdatedInDB`, `InsertIntoDB`, `SendingDateTime`, `Text`, `DestinationNumber`, `Coding`, `UDH`, `Class`, `TextDecoded`, `ID`, `MultiPart`, `RelativeValidity`, `SenderID`, `SendingTimeOut`, `DeliveryReport`, `CreatorID`) VALUES
('2015-04-15 20:07:04', '2015-04-15 20:07:04', '0000-00-00 00:00:00', '004E0069006C0061006900200052006100740061002D00720061007400610020005200610070006F0072007400200041007200790020004D0075006E0061006E0064006100720020006100640061006C006100680020003A00200035002E0035', '085761167894', 'Default_No_Compression', '', -1, 'Nilai Rata-rata Raport Ary Munandar adalah : 5.5', 46, 'false', 255, 'dini', '0000-00-00 00:00:00', 'default', 'Gammu 1.28.90'),
('2015-04-15 06:20:26', '0000-00-00 00:00:00', '0000-00-00 00:00:00', NULL, '085761167894', 'Default_No_Compression', NULL, -1, '3', 5, 'false', -1, 'Project', '0000-00-00 00:00:00', 'default', 'Gammu 1.28.90'),
('2015-04-15 20:00:13', '2015-04-15 20:00:13', '0000-00-00 00:00:00', '004E0069006C0061006900200052006100740061002D00720061007400610020005200610070006F0072007400200041007200790020004D0075006E0061006E0064006100720020006100640061006C006100680020003A00200035002E0035', '085761167894', 'Default_No_Compression', '', -1, 'Nilai Rata-rata Raport Ary Munandar adalah : 5.5', 43, 'false', 255, 'dini', '0000-00-00 00:00:00', 'default', 'Gammu 1.28.90'),
('2015-04-15 20:07:33', '2015-04-15 20:07:33', '0000-00-00 00:00:00', '004E0069006C0061006900200052006100740061002D00720061007400610020005200610070006F0072007400200041007200790020004D0075006E0061006E0064006100720020006100640061006C006100680020003A00200035002E0035', '085761167894', 'Default_No_Compression', '', -1, 'Nilai Rata-rata Raport Ary Munandar adalah : 5.5', 47, 'false', 255, 'dini', '0000-00-00 00:00:00', 'default', 'Gammu 1.28.90'),
('2015-04-15 20:08:45', '2015-04-15 20:08:45', '0000-00-00 00:00:00', '004E0069006C0061006900200052006100740061002D00720061007400610020005200610070006F0072007400200041007200790020004D0075006E0061006E0064006100720020006100640061006C006100680020003A00200035002E0035', '+6285761167894', 'Default_No_Compression', '', -1, 'Nilai Rata-rata Raport Ary Munandar adalah : 5.5', 49, 'false', 255, 'dini', '0000-00-00 00:00:00', 'default', 'Gammu 1.28.90');

-- --------------------------------------------------------

--
-- Struktur dari tabel `outbox_multipart`
--

CREATE TABLE IF NOT EXISTS `outbox_multipart` (
  `Text` text,
  `Coding` enum('Default_No_Compression','Unicode_No_Compression','8bit','Default_Compression','Unicode_Compression') NOT NULL DEFAULT 'Default_No_Compression',
  `UDH` text,
  `Class` int(11) DEFAULT '-1',
  `TextDecoded` text,
  `ID` int(10) unsigned NOT NULL DEFAULT '0',
  `SequencePosition` int(11) NOT NULL DEFAULT '1',
  PRIMARY KEY (`ID`,`SequencePosition`)
) ENGINE=MyISAM DEFAULT CHARSET=utf8;

-- --------------------------------------------------------

--
-- Struktur dari tabel `pbk`
--

CREATE TABLE IF NOT EXISTS `pbk` (
  `ID` int(11) NOT NULL AUTO_INCREMENT,
  `GroupID` int(11) NOT NULL DEFAULT '-1',
  `Name` text NOT NULL,
  `Number` text NOT NULL,
  PRIMARY KEY (`ID`)
) ENGINE=MyISAM DEFAULT CHARSET=utf8 AUTO_INCREMENT=1 ;

-- --------------------------------------------------------

--
-- Struktur dari tabel `pbk_groups`
--

CREATE TABLE IF NOT EXISTS `pbk_groups` (
  `Name` text NOT NULL,
  `ID` int(11) NOT NULL AUTO_INCREMENT,
  PRIMARY KEY (`ID`)
) ENGINE=MyISAM DEFAULT CHARSET=utf8 AUTO_INCREMENT=1 ;

-- --------------------------------------------------------

--
-- Struktur dari tabel `pelajaran`
--

CREATE TABLE IF NOT EXISTS `pelajaran` (
  `pelajaran_id` int(11) NOT NULL AUTO_INCREMENT,
  `pelajaran_nama` varchar(50) NOT NULL,
  PRIMARY KEY (`pelajaran_id`)
) ENGINE=InnoDB  DEFAULT CHARSET=latin1 AUTO_INCREMENT=8 ;

--
-- Dumping data untuk tabel `pelajaran`
--

INSERT INTO `pelajaran` (`pelajaran_id`, `pelajaran_nama`) VALUES
(1, 'MTK'),
(2, 'BIO'),
(3, 'FIS'),
(4, 'BHS'),
(5, 'ING'),
(6, 'SOS'),
(7, 'EKONOMI');

-- --------------------------------------------------------

--
-- Struktur dari tabel `phones`
--

CREATE TABLE IF NOT EXISTS `phones` (
  `ID` text NOT NULL,
  `UpdatedInDB` timestamp NOT NULL DEFAULT CURRENT_TIMESTAMP ON UPDATE CURRENT_TIMESTAMP,
  `InsertIntoDB` timestamp NOT NULL DEFAULT '0000-00-00 00:00:00',
  `TimeOut` timestamp NOT NULL DEFAULT '0000-00-00 00:00:00',
  `Send` enum('yes','no') NOT NULL DEFAULT 'no',
  `Receive` enum('yes','no') NOT NULL DEFAULT 'no',
  `IMEI` varchar(35) NOT NULL,
  `Client` text NOT NULL,
  `Battery` int(11) NOT NULL DEFAULT '0',
  `Signal` int(11) NOT NULL DEFAULT '0',
  `Sent` int(11) NOT NULL DEFAULT '0',
  `Received` int(11) NOT NULL DEFAULT '0',
  PRIMARY KEY (`IMEI`)
) ENGINE=MyISAM DEFAULT CHARSET=utf8;

--
-- Dumping data untuk tabel `phones`
--

INSERT INTO `phones` (`ID`, `UpdatedInDB`, `InsertIntoDB`, `TimeOut`, `Send`, `Receive`, `IMEI`, `Client`, `Battery`, `Signal`, `Sent`, `Received`) VALUES
('Dini', '2015-05-22 02:45:32', '2015-05-22 02:38:14', '2015-05-22 02:45:42', 'yes', 'yes', '354058181011520', 'Gammu 1.28.90, Windows Server 2007, GCC 4.4, MinGW 3.13', 0, 54, 1, 1);

-- --------------------------------------------------------

--
-- Struktur dari tabel `sekolah`
--

CREATE TABLE IF NOT EXISTS `sekolah` (
  `sekolah_id` int(11) NOT NULL AUTO_INCREMENT,
  `sekolah_nama` varchar(100) DEFAULT NULL,
  `sekolah_alamat` text,
  `sekolah_telp` varchar(16) DEFAULT NULL,
  `sekolah_visi` text,
  `sekolah_misi` text,
  PRIMARY KEY (`sekolah_id`)
) ENGINE=InnoDB DEFAULT CHARSET=latin1 AUTO_INCREMENT=1 ;

-- --------------------------------------------------------

--
-- Struktur dari tabel `semester`
--

CREATE TABLE IF NOT EXISTS `semester` (
  `semester_id` int(11) NOT NULL AUTO_INCREMENT,
  `semester_nama` int(11) NOT NULL,
  PRIMARY KEY (`semester_id`)
) ENGINE=InnoDB  DEFAULT CHARSET=latin1 AUTO_INCREMENT=3 ;

--
-- Dumping data untuk tabel `semester`
--

INSERT INTO `semester` (`semester_id`, `semester_nama`) VALUES
(1, 1),
(2, 2);

-- --------------------------------------------------------

--
-- Struktur dari tabel `sentitems`
--

CREATE TABLE IF NOT EXISTS `sentitems` (
  `UpdatedInDB` timestamp NOT NULL DEFAULT CURRENT_TIMESTAMP ON UPDATE CURRENT_TIMESTAMP,
  `InsertIntoDB` timestamp NOT NULL DEFAULT '0000-00-00 00:00:00',
  `SendingDateTime` timestamp NOT NULL DEFAULT '0000-00-00 00:00:00',
  `DeliveryDateTime` timestamp NULL DEFAULT NULL,
  `Text` text NOT NULL,
  `DestinationNumber` varchar(20) NOT NULL DEFAULT '',
  `Coding` enum('Default_No_Compression','Unicode_No_Compression','8bit','Default_Compression','Unicode_Compression') NOT NULL DEFAULT 'Default_No_Compression',
  `UDH` text NOT NULL,
  `SMSCNumber` varchar(20) NOT NULL DEFAULT '',
  `Class` int(11) NOT NULL DEFAULT '-1',
  `TextDecoded` text NOT NULL,
  `ID` int(10) unsigned NOT NULL DEFAULT '0',
  `SenderID` varchar(255) NOT NULL,
  `SequencePosition` int(11) NOT NULL DEFAULT '1',
  `Status` enum('SendingOK','SendingOKNoReport','SendingError','DeliveryOK','DeliveryFailed','DeliveryPending','DeliveryUnknown','Error') NOT NULL DEFAULT 'SendingOK',
  `StatusError` int(11) NOT NULL DEFAULT '-1',
  `TPMR` int(11) NOT NULL DEFAULT '-1',
  `RelativeValidity` int(11) NOT NULL DEFAULT '-1',
  `CreatorID` text NOT NULL,
  PRIMARY KEY (`ID`,`SequencePosition`),
  KEY `sentitems_date` (`DeliveryDateTime`),
  KEY `sentitems_tpmr` (`TPMR`),
  KEY `sentitems_dest` (`DestinationNumber`),
  KEY `sentitems_sender` (`SenderID`)
) ENGINE=MyISAM DEFAULT CHARSET=utf8;

--
-- Dumping data untuk tabel `sentitems`
--

INSERT INTO `sentitems` (`UpdatedInDB`, `InsertIntoDB`, `SendingDateTime`, `DeliveryDateTime`, `Text`, `DestinationNumber`, `Coding`, `UDH`, `SMSCNumber`, `Class`, `TextDecoded`, `ID`, `SenderID`, `SequencePosition`, `Status`, `StatusError`, `TPMR`, `RelativeValidity`, `CreatorID`) VALUES
('2015-04-15 06:11:36', '0000-00-00 00:00:00', '2015-04-15 06:11:36', NULL, '004D00610061006600200070006500720069006E007400610068002000730061006C00610068', '', 'Default_No_Compression', '', '+6281100000', -1, 'Maaf perintah salah', 1, 'Project', 1, 'SendingError', -1, -1, 255, ''),
('2015-04-15 06:12:10', '0000-00-00 00:00:00', '2015-04-15 06:12:10', NULL, '006B', '085761167894', 'Default_No_Compression', '', '+6281100000', -1, 'k', 2, 'Project', 1, 'SendingOKNoReport', -1, 41, 255, 'Gammu 1.28.90'),
('2015-04-15 06:15:15', '0000-00-00 00:00:00', '2015-04-15 06:15:15', NULL, '00640073', '085761167894', 'Default_No_Compression', '', '+6281100000', -1, 'ds', 3, 'Project', 1, 'SendingOKNoReport', -1, 42, 255, 'Gammu 1.28.90'),
('2015-04-15 06:15:50', '0000-00-00 00:00:00', '2015-04-15 06:15:50', NULL, '00730064', '085761167894', 'Default_No_Compression', '', '+6281100000', -1, 'sd', 4, 'Project', 1, 'SendingOKNoReport', -1, 43, 255, 'Gammu 1.28.90'),
('2015-04-15 06:22:54', '0000-00-00 00:00:00', '2015-04-15 06:22:54', NULL, '006300760062', '085761167894', 'Default_No_Compression', '', '+6281100000', -1, 'cvb', 6, 'dini', 1, 'SendingOKNoReport', -1, 44, 255, 'Gammu 1.28.90'),
('2015-04-15 06:23:58', '2015-04-15 06:23:44', '2015-04-15 06:23:58', NULL, '0054006500730074', '085761167894', 'Default_No_Compression', '', '+6281100000', -1, 'Test', 7, 'dini', 1, 'SendingOKNoReport', -1, 45, 255, 'Gammu 1.28.90'),
('2015-04-15 06:35:33', '0000-00-00 00:00:00', '2015-04-15 06:35:33', NULL, '00330033', '+6285761167894', 'Default_No_Compression', '', '+6281100000', -1, '33', 8, 'dini', 1, 'SendingOKNoReport', -1, 46, 255, 'Gammu 1.28.90'),
('2015-04-15 18:59:32', '0000-00-00 00:00:00', '2015-04-15 18:59:32', NULL, '007400650073', '085761167894', 'Default_No_Compression', '', '+6281100000', -1, 'tes', 9, 'dini', 1, 'SendingOKNoReport', -1, 47, 255, 'Gammu 1.28.90'),
('2015-04-15 18:59:35', '0000-00-00 00:00:00', '2015-04-15 18:59:35', NULL, '006100720079', '085761167894', 'Default_No_Compression', '', '+6281100000', -1, 'ary', 10, 'dini', 1, 'SendingOKNoReport', -1, 48, 255, 'Gammu 1.28.90'),
('2015-04-15 19:00:09', '0000-00-00 00:00:00', '2015-04-15 19:00:09', NULL, '004E0061006D00610020003A00200053007500640069006E0020007C00200050006F0069006E0020003A002000390030', '+6285761167894', 'Default_No_Compression', '', '+6281100000', -1, 'Nama : Sudin | Poin : 90', 11, 'dini', 1, 'SendingOKNoReport', -1, 49, 255, ''),
('2015-04-15 19:00:12', '0000-00-00 00:00:00', '2015-04-15 19:00:12', NULL, '004E0061006D00610020003A00200053007500640069006E0020007C00200050006F0069006E0020003A002000390030', '+6285761167894', 'Default_No_Compression', '', '+6281100000', -1, 'Nama : Sudin | Poin : 90', 12, 'dini', 1, 'SendingOKNoReport', -1, 50, 255, ''),
('2015-04-15 19:00:16', '0000-00-00 00:00:00', '2015-04-15 19:00:16', NULL, '004D00610061006600200070006500720069006E007400610068002000730061006C00610068', '+6282292089909', 'Default_No_Compression', '', '+6281100000', -1, 'Maaf perintah salah', 13, 'dini', 1, 'SendingOKNoReport', -1, 51, 255, ''),
('2015-04-15 19:00:19', '0000-00-00 00:00:00', '2015-04-15 19:00:19', NULL, '004E0061006D00610020003A00200053007500640069006E0020007C00200050006F0069006E0020003A002000390030', '+6285761167894', 'Default_No_Compression', '', '+6281100000', -1, 'Nama : Sudin | Poin : 90', 14, 'dini', 1, 'SendingOKNoReport', -1, 52, 255, ''),
('2015-04-15 19:00:22', '0000-00-00 00:00:00', '2015-04-15 19:00:22', NULL, '004E0061006D00610020003A00200053007500640069006E0020007C00200050006F0069006E0020003A002000390030', '+6285761167894', 'Default_No_Compression', '', '+6281100000', -1, 'Nama : Sudin | Poin : 90', 15, 'dini', 1, 'SendingOKNoReport', -1, 53, 255, ''),
('2015-04-15 19:00:26', '0000-00-00 00:00:00', '2015-04-15 19:00:26', NULL, '004E0061006D00610020003A00200053007500640069006E0020007C00200050006F0069006E0020003A002000390030', '+6285761167894', 'Default_No_Compression', '', '+6281100000', -1, 'Nama : Sudin | Poin : 90', 16, 'dini', 1, 'SendingOKNoReport', -1, 54, 255, ''),
('2015-04-15 19:00:29', '0000-00-00 00:00:00', '2015-04-15 19:00:29', NULL, '004D00610061006600200070006500720069006E007400610068002000730061006C00610068', '+6285761167894', 'Default_No_Compression', '', '+6281100000', -1, 'Maaf perintah salah', 17, 'dini', 1, 'SendingOKNoReport', -1, 55, 255, ''),
('2015-04-15 19:02:03', '0000-00-00 00:00:00', '2015-04-15 19:02:03', NULL, '004D00610061006600200070006500720069006E007400610068002000730061006C00610068', 'TELKOMSEL', 'Default_No_Compression', '', '+6281100000', -1, 'Maaf perintah salah', 18, 'dini', 1, 'SendingError', -1, -1, 255, ''),
('2015-04-15 19:03:07', '0000-00-00 00:00:00', '2015-04-15 19:03:07', NULL, '004D00610061006600200070006500720069006E007400610068002000730061006C00610068', 'TELKOMSEL', 'Default_No_Compression', '', '+6281100000', -1, 'Maaf perintah salah', 19, 'dini', 1, 'SendingError', -1, -1, 255, ''),
('2015-04-15 19:14:12', '0000-00-00 00:00:00', '2015-04-15 19:14:12', NULL, '00700070', '085761167894', 'Default_No_Compression', '', '+6281100000', -1, 'pp', 22, 'dini', 1, 'SendingOKNoReport', -1, 57, 255, 'Gammu 1.28.90'),
('2015-04-15 19:14:15', '0000-00-00 00:00:00', '2015-04-15 19:14:15', NULL, '00360036', '085761167894', 'Default_No_Compression', '', '+6281100000', -1, '66', 21, 'dini', 1, 'SendingOKNoReport', -1, 58, 255, 'Gammu 1.28.90'),
('2015-04-15 19:14:18', '0000-00-00 00:00:00', '2015-04-15 19:14:18', NULL, '00640064', '085761167894', 'Default_No_Compression', '', '+6281100000', -1, 'dd', 20, 'dini', 1, 'SendingOKNoReport', -1, 59, 255, 'Gammu 1.28.90'),
('2015-04-15 19:19:22', '0000-00-00 00:00:00', '2015-04-15 19:19:22', NULL, '0068', '085761167894', 'Default_No_Compression', '', '+6281100000', -1, 'h', 23, 'Ary', 1, 'SendingOKNoReport', -1, 60, 255, 'Gammu 1.28.90'),
('2015-04-15 19:21:27', '0000-00-00 00:00:00', '2015-04-15 19:21:27', NULL, '004E0069007300200074006900640061006B00200064006900740065006D0075006B0061006E', '+6285761167894', 'Default_No_Compression', '', '+6281100000', -1, 'Nis tidak ditemukan', 24, 'Ary', 1, 'SendingOKNoReport', -1, 61, 255, ''),
('2015-04-15 19:25:01', '0000-00-00 00:00:00', '2015-04-15 19:25:01', NULL, '004E0061006D00610020003A00200053007500640069006E0020007C0020004D0054004B0020007C00200050006F0069006E0020003A002000390030', '+6285761167894', 'Default_No_Compression', '', '+6281100000', -1, 'Nama : Sudin | MTK | Poin : 90', 25, 'Ary', 1, 'SendingOKNoReport', -1, 62, 255, ''),
('2015-04-15 19:26:05', '0000-00-00 00:00:00', '2015-04-15 19:26:05', NULL, '004E0069007300200074006900640061006B00200064006900740065006D0075006B0061006E', '+6285761167894', 'Default_No_Compression', '', '+6281100000', -1, 'Nis tidak ditemukan', 26, 'Ary', 1, 'SendingOKNoReport', -1, 63, 255, ''),
('2015-04-15 19:30:09', '0000-00-00 00:00:00', '2015-04-15 19:30:09', NULL, '004E0069007300200074006900640061006B00200064006900740065006D0075006B0061006E', '+6285761167894', 'Default_No_Compression', '', '+6281100000', -1, 'Nis tidak ditemukan', 27, 'Ary', 1, 'SendingOKNoReport', -1, 64, 255, ''),
('2015-04-15 19:34:13', '0000-00-00 00:00:00', '2015-04-15 19:34:13', NULL, '006800670068', '085761167894', 'Default_No_Compression', '', '+6281100000', -1, 'hgh', 28, 'Ary', 1, 'SendingOKNoReport', -1, 65, 255, 'Gammu 1.28.90'),
('2015-04-15 19:35:17', '0000-00-00 00:00:00', '2015-04-15 19:35:17', NULL, '004D00610061006600200070006500720069006E007400610068002000730061006C00610068', '+6285761167894', 'Default_No_Compression', '', '+6281100000', -1, 'Maaf perintah salah', 29, 'Ary', 1, 'SendingOKNoReport', -1, 66, 255, ''),
('2015-04-15 19:43:06', '0000-00-00 00:00:00', '2015-04-15 19:43:06', NULL, '006C', '085761167894', 'Default_No_Compression', '', '+6281100000', -1, 'l', 30, 'Ary', 1, 'SendingOKNoReport', -1, 67, 255, 'Gammu 1.28.90'),
('2015-04-15 19:43:09', '0000-00-00 00:00:00', '2015-04-15 19:43:09', NULL, '004D00610061006600200070006500720069006E007400610068002000730061006C00610068', '+6285761167894', 'Default_No_Compression', '', '+6281100000', -1, 'Maaf perintah salah', 33, 'Ary', 1, 'SendingOKNoReport', -1, 68, 255, ''),
('2015-04-15 19:43:12', '0000-00-00 00:00:00', '2015-04-15 19:43:12', NULL, '004D00610061006600200070006500720069006E007400610068002000730061006C00610068', '+6285761167894', 'Default_No_Compression', '', '+6281100000', -1, 'Maaf perintah salah', 32, 'Ary', 1, 'SendingOKNoReport', -1, 69, 255, ''),
('2015-04-15 19:43:16', '0000-00-00 00:00:00', '2015-04-15 19:43:16', NULL, '004E0069007300200074006900640061006B00200064006900740065006D0075006B0061006E', '+6285761167894', 'Default_No_Compression', '', '+6281100000', -1, 'Nis tidak ditemukan', 31, 'Ary', 1, 'SendingOKNoReport', -1, 70, 255, ''),
('2015-04-15 19:43:51', '0000-00-00 00:00:00', '2015-04-15 19:43:51', NULL, '004D00610061006600200070006500720069006E007400610068002000730061006C00610068', '+6285761167894', 'Default_No_Compression', '', '+6281100000', -1, 'Maaf perintah salah', 34, 'Ary', 1, 'SendingOKNoReport', -1, 71, 255, ''),
('2015-04-15 19:48:25', '0000-00-00 00:00:00', '2015-04-15 19:48:25', NULL, '004E0069007300200074006900640061006B00200064006900740065006D0075006B0061006E', '+6285761167894', 'Default_No_Compression', '', '+6281100000', -1, 'Nis tidak ditemukan', 35, 'Ary', 1, 'SendingOKNoReport', -1, 72, 255, ''),
('2015-04-15 19:51:00', '0000-00-00 00:00:00', '2015-04-15 19:51:00', NULL, '004E0061006D00610020003A00200041007200790020004D0075006E0061006E0064006100720020007C0020004D0054004B0020007C002000530065006D006500730074006500720020003A002000310020007C00200055006C0061006E00670061006E002000310020007C00200050006F0069006E0020003A002000390030', '+6285761167894', 'Default_No_Compression', '', '+6281100000', -1, 'Nama : Ary Munandar | MTK | Semester : 1 | Ulangan 1 | Poin : 90', 36, 'Ary', 1, 'SendingOKNoReport', -1, 73, 255, ''),
('2015-04-15 19:53:04', '0000-00-00 00:00:00', '2015-04-15 19:53:04', NULL, '004E0069007300200074006900640061006B00200064006900740065006D0075006B0061006E', '+6285761167894', 'Default_No_Compression', '', '+6281100000', -1, 'Nis tidak ditemukan', 37, 'Ary', 1, 'SendingOKNoReport', -1, 74, 255, ''),
('2015-04-15 19:53:39', '0000-00-00 00:00:00', '2015-04-15 19:53:39', NULL, '004E0061006D00610020003A00200041007200790020004D0075006E0061006E0064006100720020007C0020004D0054004B0020007C002000530065006D006500730074006500720020003A002000310020007C00200055006C0061006E00670061006E002000310020007C00200050006F0069006E0020003A002000390030', '+6285761167894', 'Default_No_Compression', '', '+6281100000', -1, 'Nama : Ary Munandar | MTK | Semester : 1 | Ulangan 1 | Poin : 90', 38, 'Ary', 1, 'SendingOKNoReport', -1, 75, 255, ''),
('2015-04-15 19:55:13', '0000-00-00 00:00:00', '2015-04-15 19:55:13', NULL, '004E0069007300200074006900640061006B00200064006900740065006D0075006B0061006E', '+6285761167894', 'Default_No_Compression', '', '+6281100000', -1, 'Nis tidak ditemukan', 39, 'Ary', 1, 'SendingOKNoReport', -1, 76, 255, ''),
('2015-04-15 19:56:17', '0000-00-00 00:00:00', '2015-04-15 19:56:17', NULL, '004D00610061006600200070006500720069006E007400610068002000730061006C00610068', '+6285761167894', 'Default_No_Compression', '', '+6281100000', -1, 'Maaf perintah salah', 40, 'Ary', 1, 'SendingOKNoReport', -1, 77, 255, ''),
('2015-04-15 19:56:20', '0000-00-00 00:00:00', '2015-04-15 19:56:20', NULL, '004E0061006D00610020003A00200041007200790020004D0075006E0061006E0064006100720020007C0020004D0054004B0020007C002000530065006D006500730074006500720020003A002000310020007C00200055006C0061006E00670061006E002000310020007C00200050006F0069006E0020003A002000390030', '+6285761167894', 'Default_No_Compression', '', '+6281100000', -1, 'Nama : Ary Munandar | MTK | Semester : 1 | Ulangan 1 | Poin : 90', 41, 'Ary', 1, 'SendingOKNoReport', -1, 78, 255, ''),
('2015-04-15 19:58:26', '0000-00-00 00:00:00', '2015-04-15 19:58:26', NULL, '004E0061006D00610020003A00200041007200790020004D0075006E0061006E0064006100720020007C0020004D0054004B0020007C002000530065006D006500730074006500720020003A002000310020007C00200055004800310020007C00200050006F0069006E0020003A002000390030', '+6285761167894', 'Default_No_Compression', '', '+6281100000', -1, 'Nama : Ary Munandar | MTK | Semester : 1 | UH1 | Poin : 90', 42, 'Ary', 1, 'SendingOKNoReport', -1, 79, 255, ''),
('2015-04-15 20:01:42', '0000-00-00 00:00:00', '2015-04-15 20:01:42', NULL, '0066', '085761167894', 'Default_No_Compression', '', '+6281100000', -1, 'f', 44, 'Ary', 1, 'SendingError', -1, -1, 255, 'Gammu 1.28.90'),
('2015-05-21 19:39:57', '0000-00-00 00:00:00', '2015-05-21 19:39:57', NULL, '004E0061006D00610020003A00200041007200790020004D0075006E0061006E0064006100720020007C0020004D0054004B0020007C002000530065006D006500730074006500720020003A002000310020007C00200055004800310020007C00200050006F0069006E0020003A002000390030', '+6285761167894', 'Default_No_Compression', '', '+6281100000', -1, 'Nama : Ary Munandar | MTK | Semester : 1 | UH1 | Poin : 90', 45, 'Ary', 1, 'SendingOKNoReport', -1, 161, 255, ''),
('2015-05-21 19:40:00', '0000-00-00 00:00:00', '2015-05-21 19:40:00', NULL, '00760066', '+6285761167894', 'Default_No_Compression', '', '+6281100000', -1, 'vf', 48, 'Ary', 1, 'SendingOKNoReport', -1, 162, 255, 'Gammu 1.28.90'),
('2015-05-21 19:40:34', '0000-00-00 00:00:00', '2015-05-21 19:40:34', NULL, '006100730064', '082384669700', 'Default_No_Compression', '', '+6281100000', -1, 'asd', 50, 'Ary', 1, 'SendingOKNoReport', -1, 163, 255, 'Gammu 1.28.90'),
('2015-05-21 19:51:03', '0000-00-00 00:00:00', '2015-05-21 19:51:03', NULL, '00350034', '082384669700', 'Default_No_Compression', '', '+6281100000', -1, '54', 51, 'Dini', 1, 'SendingOKNoReport', -1, 164, 255, 'Gammu 1.28.90'),
('2015-05-21 19:52:08', '0000-00-00 00:00:00', '2015-05-21 19:52:08', NULL, '004D00610061006600200050006500720069006E007400610068002000530061006C00610068', '+6282384669700', 'Default_No_Compression', '', '+6281100000', -1, 'Maaf Perintah Salah', 53, 'Dini', 1, 'SendingOKNoReport', -1, 165, 255, ''),
('2015-05-21 19:52:11', '0000-00-00 00:00:00', '2015-05-21 19:52:11', NULL, '004E0061006D00610020003A00200041007200790020004D0075006E0061006E0064006100720020007C0020004D0054004B0020007C002000530065006D006500730074006500720020003A002000310020007C00200055004800310020007C00200050006F0069006E0020003A002000390030', '+6282384669700', 'Default_No_Compression', '', '+6281100000', -1, 'Nama : Ary Munandar | MTK | Semester : 1 | UH1 | Poin : 90', 52, 'Dini', 1, 'SendingOKNoReport', -1, 166, 255, ''),
('2015-05-21 19:52:14', '0000-00-00 00:00:00', '2015-05-21 19:52:14', NULL, '004D00610061006600200050006500720069006E007400610068002000530061006C00610068', '+6282384669700', 'Default_No_Compression', '', '+6281100000', -1, 'Maaf Perintah Salah', 54, 'Dini', 1, 'SendingOKNoReport', -1, 167, 255, ''),
('2015-05-21 19:53:18', '0000-00-00 00:00:00', '2015-05-21 19:53:18', NULL, '004E0061006D00610020003A00200041007200790020004D0075006E0061006E0064006100720020007C0020004D0054004B002D00390030', '+6282384669700', 'Default_No_Compression', '', '+6281100000', -1, 'Nama : Ary Munandar | MTK-90', 55, 'Dini', 1, 'SendingOKNoReport', -1, 168, 255, ''),
('2015-05-21 19:54:22', '0000-00-00 00:00:00', '2015-05-21 19:54:22', NULL, '004D00610061006600200050006500720069006E007400610068002000530061006C00610068', 'TELKOMSEL', 'Default_No_Compression', '', '+6281100000', -1, 'Maaf Perintah Salah', 57, 'Dini', 1, 'SendingError', -1, -1, 255, ''),
('2015-05-21 19:54:26', '0000-00-00 00:00:00', '2015-05-21 19:54:26', NULL, '004D00610061006600200050006500720069006E007400610068002000530061006C00610068', 'TELKOMSEL', 'Default_No_Compression', '', '+6281100000', -1, 'Maaf Perintah Salah', 58, 'Dini', 1, 'SendingError', -1, -1, 255, ''),
('2015-05-21 19:54:30', '0000-00-00 00:00:00', '2015-05-21 19:54:30', NULL, '004E0061006D00610020003A00200041007200790020004D0075006E0061006E0064006100720020007C0020004D0054004B002D003900300020007C002000420049004F002D00360037', '+6282384669700', 'Default_No_Compression', '', '+6281100000', -1, 'Nama : Ary Munandar | MTK-90 | BIO-67', 56, 'Dini', 1, 'SendingOKNoReport', -1, 169, 255, ''),
('2015-05-21 19:55:05', '0000-00-00 00:00:00', '2015-05-21 19:55:05', NULL, '004E0061006D00610020003A00200041007200790020004D0075006E0061006E0064006100720020007C0020004D0054004B002D003900300020007C002000420049004F002D00360037', '+6282384669700', 'Default_No_Compression', '', '+6281100000', -1, 'Nama : Ary Munandar | MTK-90 | BIO-67', 59, 'Dini', 1, 'SendingOKNoReport', -1, 170, 255, ''),
('2015-05-22 02:39:47', '0000-00-00 00:00:00', '2015-05-22 02:39:47', NULL, '00310035', '082384669700', 'Default_No_Compression', '', '+6281100000', -1, '15', 60, 'Dini', 1, 'SendingOKNoReport', -1, 171, 255, 'Gammu 1.28.90');

-- --------------------------------------------------------

--
-- Struktur dari tabel `siswa`
--

CREATE TABLE IF NOT EXISTS `siswa` (
  `siswa_id` int(11) NOT NULL AUTO_INCREMENT,
  `siswa_nama` varchar(50) DEFAULT NULL,
  `siswa_nis` varchar(30) DEFAULT NULL,
  `siswa_ttl` varchar(100) DEFAULT NULL,
  `siswa_telp` varchar(16) DEFAULT NULL,
  `siswa_gender` varchar(10) DEFAULT NULL,
  `siswa_status` varchar(10) DEFAULT NULL,
  `siswa_alamat` text,
  `kelas_id` int(11) DEFAULT NULL,
  PRIMARY KEY (`siswa_id`),
  KEY `kelas_id` (`kelas_id`)
) ENGINE=InnoDB  DEFAULT CHARSET=latin1 AUTO_INCREMENT=7 ;

--
-- Dumping data untuk tabel `siswa`
--

INSERT INTO `siswa` (`siswa_id`, `siswa_nama`, `siswa_nis`, `siswa_ttl`, `siswa_telp`, `siswa_gender`, `siswa_status`, `siswa_alamat`, `kelas_id`) VALUES
(5, 'Ary Munandar', '123', 'Padang', '+6285761167894', 'Laki-laki', 'Aktif', 'Padang', 1),
(6, 'Otonk', '111', 'Padang', '+6285761167894', 'Laki-laki', 'Aktif', 'Padang', 1);

-- --------------------------------------------------------

--
-- Struktur dari tabel `tahun`
--

CREATE TABLE IF NOT EXISTS `tahun` (
  `tahun_id` int(11) NOT NULL AUTO_INCREMENT,
  `tahun_nama` varchar(20) NOT NULL,
  PRIMARY KEY (`tahun_id`)
) ENGINE=InnoDB  DEFAULT CHARSET=latin1 AUTO_INCREMENT=2 ;

--
-- Dumping data untuk tabel `tahun`
--

INSERT INTO `tahun` (`tahun_id`, `tahun_nama`) VALUES
(1, '2014/2015');

-- --------------------------------------------------------

--
-- Struktur dari tabel `user`
--

CREATE TABLE IF NOT EXISTS `user` (
  `id` int(11) NOT NULL AUTO_INCREMENT,
  `username` varchar(50) DEFAULT NULL,
  `password` varchar(50) DEFAULT NULL,
  `nama` varchar(50) DEFAULT NULL,
  PRIMARY KEY (`id`),
  UNIQUE KEY `username` (`username`)
) ENGINE=InnoDB  DEFAULT CHARSET=latin1 AUTO_INCREMENT=2 ;

--
-- Dumping data untuk tabel `user`
--

INSERT INTO `user` (`id`, `username`, `password`, `nama`) VALUES
(1, 'admin', 'admin', 'Nita Afriyeni, S.Pd');

/*!40101 SET CHARACTER_SET_CLIENT=@OLD_CHARACTER_SET_CLIENT */;
/*!40101 SET CHARACTER_SET_RESULTS=@OLD_CHARACTER_SET_RESULTS */;
/*!40101 SET COLLATION_CONNECTION=@OLD_COLLATION_CONNECTION */;
